{
  "accuracy": 0.9314473684210526,
  "precision": 0.9314473684210526,
  "recall": 0.9314473684210526,
  "f1": 0.9314473684210526,
  "cm": [
    [
      1773,
      22,
      58,
      47
    ],
    [
      15,
      1871,
      9,
      5
    ],
    [
      55,
      7,
      1679,
      159
    ],
    [
      37,
      7,
      100,
      1756
    ]
  ],
  "inference_time": 22.884,
  "num_of_params": 67697672
}